drug,smiles,label,smiles_pH,smiles_neu,smiles_pH_MolDs,smiles_neu_MolDs
Zosuquidar2,OC(COc1cccc2ncccc12)CN1CCN(C2c3ccccc3C3C(c4ccccc42)C3(F)F)CC1,True,OC(COc1cccc2ncccc12)C[NH+]1CC[NH+](C2c3ccccc3C3C(c4ccccc24)C3(F)F)CC1,OC(COc1cccc2ncccc12)CN1CCN(C2c3ccccc3C3C(c4ccccc42)C3(F)F)CC1,False,False
Elacridar (GF120918)2,COc1cc2c(cc1OC)CN(CCc1ccc(NC(=O)c3cccc4c(=O)c5cccc(OC)c5[nH]c34)cc1)CC2,True,COc1cc2c(cc1OC)C[NH+](CCc1ccc(NC(=O)c3cccc4c(=O)c5cccc(OC)c5[nH]c34)cc1)CC2,COc1cc2c(cc1OC)CN(CCc1ccc(NC(=O)c3cccc4c(=O)c5cccc(OC)c5[nH]c34)cc1)CC2,False,False
Ivermectin,CCC(C)C1OC2(CCC1C)CC1CC(CC=C(C)C(OC3CC(OC)C(OC4CC(OC)C(O)C(C)O4)C(C)O3)C(C)C=CC=C3COC4C(O)C(C)=CC(C(=O)O1)C34O)O2,True,CCC(C)C1OC2(CCC1C)CC1CC(CC=C(C)C(OC3CC(OC)C(OC4CC(OC)C(O)C(C)O4)C(C)O3)C(C)C=CC=C3COC4C(O)C(=CC(C(=O)O1)C34O)C)O2,CCC(C)C1OC2(CCC1C)CC1CC(CC=C(C)C(OC3CC(OC)C(OC4CC(OC)C(O)C(C)O4)C(C)O3)C(C)C=CC=C3COC4C(O)C(C)=CC(C(=O)O1)C34O)O2,False,False
Valspodar2,CC=CCC(C)C(=O)C1C(=O)NC(C(C)C)C(=O)N(C)CC(=O)N(C)C(CC(C)C)C(=O)NC(C(C)C)C(=O)N(C)C(CC(C)C)C(=O)NC(C)C(=O)NC(C)C(=O)N(C)C(CC(C)C)C(=O)N(C)C(CC(C)C)C(=O)N(C)C(C(C)C)C(=O)N1C,True,CC=CCC(C)C(=O)C1C(=O)NC(C(C)C)C(=O)N(C)CC(=O)N(C)C(CC(C)C)C(=O)NC(C(C)C)C(=O)N(C)C(CC(C)C)C(=O)NC(C)C(=O)NC(C)C(=O)N(C)C(CC(C)C)C(=O)N(C)C(CC(C)C)C(=O)N(C)C(C(C)C)C(=O)N1C,CC=CCC(C)C(=O)C1C(=O)NC(C(C)C)C(=O)N(C)CC(=O)N(C)C(CC(C)C)C(=O)NC(C(C)C)C(=O)N(C)C(CC(C)C)C(=O)NC(C)C(=O)NC(C)C(=O)N(C)C(CC(C)C)C(=O)N(C)C(CC(C)C)C(=O)N(C)C(C(C)C)C(=O)N1C,False,False
Selamectin,COC1CC(OC2C(C)=CCC3CC(CC4(CCC(C)C(C5CCCCC5)O4)O3)OC(=O)C3C=C(C)C(=NO)C4OCC(=CC=CC2C)C34O)OC(C)C1O,True,COC1CC(OC2C(=CCC3CC(CC4(CCC(C)C(C5CCCCC5)O4)O3)OC(=O)C3C=C(C)C(=NO)C4OCC(=CC=CC2C)C34O)C)OC(C)C1O,COC1CC(OC2C(C)=CCC3CC(CC4(CCC(C)C(C5CCCCC5)O4)O3)OC(=O)C3C=C(C)C(=NO)C4OCC(=CC=CC2C)C34O)OC(C)C1O,False,False
Carvedilol,COc1ccccc1OCCNCC(O)COc1cccc2[nH]c3ccccc3c12,True,COc1ccccc1OCC[NH2+]CC(O)COc1cccc2[nH]c3ccccc3c12,COc1ccccc1OCCNCC(O)COc1cccc2[nH]c3ccccc3c12,False,False
Ivacaftor,CC(C)(C)c1cc(C(C)(C)C)c(NC(=O)c2c[nH]c3ccccc3c2=O)cc1O,True,CC(C)(C)c1cc(C(C)(C)C)c(NC(=O)c2c[nH]c3ccccc3c2=O)cc1O,CC(C)(C)c1cc(C(C)(C)C)c(NC(=O)c2c[nH]c3ccccc3c2=O)cc1O,False,False
Tariquidar,COc1cc2c(cc1OC)CN(CCc1ccc(NC(=O)c3cc(OC)c(OC)cc3NC(=O)c3cnc4ccccc4c3)cc1)CC2,True,COc1cc2c(cc1OC)C[NH+](CCc1ccc(NC(=O)c3cc(OC)c(OC)cc3NC(=O)c3cnc4ccccc4c3)cc1)CC2,COc1cc2c(cc1OC)CN(CCc1ccc(NC(=O)c3cc(OC)c(OC)cc3NC(=O)c3cnc4ccccc4c3)cc1)CC2,False,False
Norverapamil,COc1ccc(CCNCCCC(C#N)(c2ccc(OC)c(OC)c2)C(C)C)cc1OC,True,COc1ccc(CC[NH2+]CCCC(C#N)(c2ccc(OC)c(OC)c2)C(C)C)cc1OC,COc1ccc(CCNCCCC(C#N)(c2ccc(OC)c(OC)c2)C(C)C)cc1OC,False,False
Cyclosporine2,CC=CCC(C)C(O)C1C(=O)NC(CC)C(=O)N(C)CC(=O)N(C)C(CC(C)C)C(=O)NC(C(C)C)C(=O)N(C)C(CC(C)C)C(=O)NC(C)C(=O)NC(C)C(=O)N(C)C(CC(C)C)C(=O)N(C)C(CC(C)C)C(=O)N(C)C(C(C)C)C(=O)N1C,True,CC=CCC(C)C(O)C1C(=O)NC(CC)C(=O)N(C)CC(=O)N(C)C(CC(C)C)C(=O)NC(C(C)C)C(=O)N(C)C(CC(C)C)C(=O)NC(C)C(=O)NC(C)C(=O)N(C)C(CC(C)C)C(=O)N(C)C(CC(C)C)C(=O)N(C)C(C(C)C)C(=O)N1C,CC=CCC(C)C(O)C1C(=O)NC(CC)C(=O)N(C)CC(=O)N(C)C(CC(C)C)C(=O)NC(C(C)C)C(=O)N(C)C(CC(C)C)C(=O)NC(C)C(=O)NC(C)C(=O)N(C)C(CC(C)C)C(=O)N(C)C(CC(C)C)C(=O)N(C)C(C(C)C)C(=O)N1C,False,False
Telmisartan,CCCc1nc2c(C)cc(-c3nc4ccccc4n3C)cc2n1Cc1ccc(-c2ccccc2C(=O)O)cc1,True,CCCc1nc2c(C)cc(c3nc4ccccc4n3C)cc2n1Cc1ccc(c2ccccc2C(=O)[O-])cc1,CCCc1nc2c(C)cc(-c3nc4ccccc4n3C)cc2n1Cc1ccc(-c2ccccc2C(=O)O)cc1,False,False
Itraconazole,CCC(C)n1ncn(-c2ccc(N3CCN(c4ccc(OCC5COC(Cn6cncn6)(c6ccc(Cl)cc6Cl)O5)cc4)CC3)cc2)c1=O,True,CCC(C)n1ncn(c2ccc(N3CCN(c4ccc(OCC5COC(Cn6cncn6)(c6ccc(Cl)cc6Cl)O5)cc4)CC3)cc2)c1=O,CCC(C)n1ncn(-c2ccc(N3CCN(c4ccc(OCC5COC(Cn6cncn6)(c6ccc(Cl)cc6Cl)O5)cc4)CC3)cc2)c1=O,False,False
Ponatinib Hydrochloride,Cc1ccc(C(=O)Nc2ccc(CN3CCN(C)CC3)c(C(F)(F)F)c2)cc1C#Cc1cnc2cccnn12,True,Cc1ccc(C(=O)Nc2ccc(C[NH+]3CC[NH+](C)CC3)c(C(F)(F)F)c2)cc1C#Cc1cnc2cccnn12,Cc1ccc(C(=O)Nc2ccc(CN3CCN(C)CC3)c(C(F)(F)F)c2)cc1C#Cc1cnc2cccnn12,False,False
"Verapamil2,4",COc1ccc(CCN(C)CCCC(C#N)(c2ccc(OC)c(OC)c2)C(C)C)cc1OC,True,COc1ccc(CC[NH+](C)CCCC(C#N)(c2ccc(OC)c(OC)c2)C(C)C)cc1OC,COc1ccc(CCN(C)CCCC(C#N)(c2ccc(OC)c(OC)c2)C(C)C)cc1OC,False,False
Aripiprazole,O=C1CCc2ccc(OCCCCN3CCN(c4cccc(Cl)c4Cl)CC3)cc2N1,True,O=C1CCc2ccc(OCCCC[NH+]3CCN(c4cccc(Cl)c4Cl)CC3)cc2N1,O=C1CCc2ccc(OCCCCN3CCN(c4cccc(Cl)c4Cl)CC3)cc2N1,False,False
Wk-X-50,O=C(Nc1ccc(CCN2CCc3ccccc3C2)cc1)Nc1ccccc1NC(=O)c1cnc2ccccc2c1,True,O=C(Nc1ccc(CC[NH+]2CCc3ccccc3C2)cc1)Nc1ccccc1NC(=O)c1cnc2ccccc2c1,O=C(Nc1ccc(CCN2CCc3ccccc3C2)cc1)Nc1ccccc1NC(=O)c1cnc2ccccc2c1,False,False
Astemizole,COc1ccc(CCN2CCC(Nc3nc4ccccc4n3Cc3ccc(F)cc3)CC2)cc1,True,COc1ccc(CC[NH+]2CCC(Nc3nc4ccccc4n3Cc3ccc(F)cc3)CC2)cc1,COc1ccc(CCN2CCC(Nc3nc4ccccc4n3Cc3ccc(F)cc3)CC2)cc1,False,False
"Lsn335984, 42",OC(COc1cccc2ncccc12)CN1CCN(C2c3ccccc3C3C(c4ccccc42)C3(Cl)Cl)CC1,True,OC(COc1cccc2ncccc12)C[NH+]1CC[NH+](C2c3ccccc3C3C(c4ccccc24)C3(Cl)Cl)CC1,OC(COc1cccc2ncccc12)CN1CCN(C2c3ccccc3C3C(c4ccccc42)C3(Cl)Cl)CC1,False,False
Loperamide Hydrochloride,CN(C)C(=O)C(CCN1CCC(O)(c2ccc(Cl)cc2)CC1)(c1ccccc1)c1ccccc1,True,CN(C)C(=O)C(CC[NH+]1CCC(O)(c2ccc(Cl)cc2)CC1)(c1ccccc1)c1ccccc1,CN(C)C(=O)C(CCN1CCC(O)(c2ccc(Cl)cc2)CC1)(c1ccccc1)c1ccccc1,False,False
Lurasidone Hydrochloride,O=C1C2C3CCC(C3)C2C(=O)N1CC1CCCCC1CN1CCN(c2nsc3ccccc23)CC1,True,O=C1C2C3CCC(C3)C2C(=O)N1CC1CCCCC1C[NH+]1CCN(c2nsc3ccccc23)CC1,O=C1C2C3CCC(C3)C2C(=O)N1CC1CCCCC1CN1CCN(c2nsc3ccccc23)CC1,False,False
Neratinib Maleate,CCOc1cc2ncc(C#N)c(Nc3ccc(Cc4ccccn4)c(Cl)c3)c2cc1NC(O)C=CCN(C)C,True,CCOc1cc2ncc(C#N)c(Nc3ccc(Cc4ccccn4)c(Cl)c3)c2cc1NC(O)C=CC[NH+](C)C,CCOc1cc2ncc(C#N)c(Nc3ccc(Cc4ccccn4)c(Cl)c3)c2cc1NC(O)C=CCN(C)C,False,False
Nicardipine Hydrochloride,COC(=O)C1=C(C)NC(C)=C(C(=O)OCCN(C)Cc2ccccc2)C1c1cccc([N+](=O)[O-])c1,True,COC(=O)C1=C(C)NC(=C(C(=O)OCC[NH+](C)Cc2ccccc2)C1c1cccc([N+](=O)[O-])c1)C,COC(=O)C1=C(C)NC(C)=C(C(=O)OCCN(C)Cc2ccccc2)C1c1cccc([N+](=O)[O-])c1,False,False
Vorapaxar Sulfate,CCOC(=O)NC1CCC2C(C1)CC1C(=O)OC(C)C1C2C=Cc1ccc(-c2cccc(F)c2)cn1,False,CCOC(=O)NC1CCC2C(C1)CC1C(=O)OC(C)C1C2C=Cc1ccc(c2cccc(F)c2)cn1,CCOC(=O)NC1CCC2C(C1)CC1C(=O)OC(C)C1C2C=Cc1ccc(-c2cccc(F)c2)cn1,False,False
Ketoconazole2,CC(=O)N1CCN(c2ccc(OCC3COC(Cn4ccnc4)(c4ccc(Cl)cc4Cl)O3)cc2)CC1,True,CC(=O)N1CCN(c2ccc(OCC3COC(Cn4ccnc4)(c4ccc(Cl)cc4Cl)O3)cc2)CC1,CC(=O)N1CCN(c2ccc(OCC3COC(Cn4ccnc4)(c4ccc(Cl)cc4Cl)O3)cc2)CC1,False,False
Mibefradil,COCC(=O)OC1(CCN(C)CCCc2nc3ccccc3[nH]2)CCc2cc(F)ccc2C1C(C)C,True,COCC(=O)OC1(CC[NH+](C)CCCc2nc3ccccc3[nH]2)CCc2cc(F)ccc2C1C(C)C,COCC(=O)OC1(CCN(C)CCCc2nc3ccccc3[nH]2)CCc2cc(F)ccc2C1C(C)C,False,False
Desethylamiodarone,CCCCc1oc2ccccc2c1C(=O)c1cc(I)c(OCCNCC)c(I)c1,True,CCCCc1oc2ccccc2c1C(=O)c1cc(I)c(OCC[NH2+]CC)c(I)c1,CCCCc1oc2ccccc2c1C(=O)c1cc(I)c(OCCNCC)c(I)c1,False,False
Sirolimus,COC1CC2CCC(C)C(O)(O2)C(=O)C(=O)N2CCCCC2C(=O)OC(C(C)CC2CCC(O)C(OC)C2)CC(=O)C(C)C=C(C)C(O)C(OC)C(=O)C(C)CC(C)C=CC=CC=C1C,True,COC1CC2CCC(C)C(O)(O2)C(=O)C(=O)N2CCCCC2C(=O)OC(C(C)CC2CCC(O)C(OC)C2)CC(=O)C(C)C=C(C)C(O)C(OC)C(=O)C(C)CC(C)C=CC=CC=C1C,COC1CC2CCC(C)C(O)(O2)C(=O)C(=O)N2CCCCC2C(=O)OC(C(C)CC2CCC(O)C(OC)C2)CC(=O)C(C)C=C(C)C(O)C(OC)C(=O)C(C)CC(C)C=CC=CC=C1C,False,False
Reserpine2,COC(=O)C1C2CC3c4[nH]c5cc(OC)ccc5c4CCN3CC2CC(OC(=O)c2cc(OC)c(OC)c(OC)c2)C1OC,True,COC(=O)C1C2CC3c4[nH]c5cc(OC)ccc5c4CC[NH+]3CC2CC(OC(=O)c2cc(OC)c(OC)c(OC)c2)C1OC,COC(=O)C1C2CC3c4[nH]c5cc(OC)ccc5c4CCN3CC2CC(OC(=O)c2cc(OC)c(OC)c(OC)c2)C1OC,False,False
Terfenadine,CC(C)(C)c1ccc(C(O)CCCN2CCC(C(O)(c3ccccc3)c3ccccc3)CC2)cc1,True,CC(C)(C)c1ccc(C(O)CCC[NH+]2CCC(C(O)(c3ccccc3)c3ccccc3)CC2)cc1,CC(C)(C)c1ccc(C(O)CCCN2CCC(C(O)(c3ccccc3)c3ccccc3)CC2)cc1,False,False
Nelfinavir Mesylate,Cc1c(O)cccc1C(=O)NC(CSc1ccccc1)C(O)CN1CC2CCCCC2CC1C(=O)NC(C)(C)C,True,Cc1c(O)cccc1C(=O)NC(CSc1ccccc1)C(O)C[NH+]1CC2CCCCC2CC1C(=O)NC(C)(C)C,Cc1c(O)cccc1C(=O)NC(CSc1ccccc1)C(O)CN1CC2CCCCC2CC1C(=O)NC(C)(C)C,False,False
Lapatinib Ditosylate,CS(=O)(=O)CCNCc1ccc(-c2ccc3ncnc(Nc4ccc(OCc5cccc(F)c5)c(Cl)c4)c3c2)o1,True,CS(=O)(=O)CC[NH2+]Cc1ccc(c2ccc3ncnc(Nc4ccc(OCc5cccc(F)c5)c(Cl)c4)c3c2)o1,CS(=O)(=O)CCNCc1ccc(-c2ccc3ncnc(Nc4ccc(OCc5cccc(F)c5)c(Cl)c4)c3c2)o1,False,False
Ebastine,CC(C)(C)c1ccc(C(=O)CCCN2CCC(OC(c3ccccc3)c3ccccc3)CC2)cc1,True,CC(C)(C)c1ccc(C(=O)CCC[NH+]2CCC(OC(c3ccccc3)c3ccccc3)CC2)cc1,CC(C)(C)c1ccc(C(=O)CCCN2CCC(OC(c3ccccc3)c3ccccc3)CC2)cc1,False,False
Lopinavir,Cc1cccc(C)c1OCC(=O)NC(Cc1ccccc1)C(O)CC(Cc1ccccc1)NC(=O)C(C(C)C)N1CCCNC1=O,True,Cc1cccc(C)c1OCC(=O)NC(Cc1ccccc1)C(O)CC(Cc1ccccc1)NC(=O)C(C(C)C)N1CCCNC1=O,Cc1cccc(C)c1OCC(=O)NC(Cc1ccccc1)C(O)CC(Cc1ccccc1)NC(=O)C(C(C)C)N1CCCNC1=O,False,False
Istradefylline,CCn1c(=O)c2c(nc(C=Cc3ccc(OC)c(OC)c3)n2C)n(CC)c1=O,True,CCn1c(=O)c2c(nc(C=Cc3ccc(OC)c(OC)c3)n2C)n(CC)c1=O,CCn1c(=O)c2c(nc(C=Cc3ccc(OC)c(OC)c3)n2C)n(CC)c1=O,False,False
Telithromycin,CCC1OC(=O)C(C)C(=O)C(C)C(OC2OC(C)CC(N(C)C)C2O)C(C)(OC)CC(C)C(=O)C(C)C2N(CCCCn3cnc(-c4cccnc4)c3)C(=O)OC12C,True,CCC1OC(=O)C(C)C(=O)C(C)C(OC2OC(C)CC([NH+](C)C)C2O)C(C)(OC)CC(C)C(=O)C(C)C2N(CCCCn3cnc(c4cccnc4)c3)C(=O)OC12C,CCC1OC(=O)C(C)C(=O)C(C)C(OC2OC(C)CC(N(C)C)C2O)C(C)(OC)CC(C)C(=O)C(C)C2N(CCCCn3cnc(-c4cccnc4)c3)C(=O)OC12C,False,False
Dronedarone Hydrochloride,CCCCc1oc2ccc(NS(C)(=O)=O)cc2c1C(=O)c1ccc(OCCCN(CCCC)CCCC)cc1,True,CCCCc1oc2ccc(NS(=O)(=O)C)cc2c1C(=O)c1ccc(OCCC[NH+](CCCC)CCCC)cc1,CCCCc1oc2ccc(NS(C)(=O)=O)cc2c1C(=O)c1ccc(OCCCN(CCCC)CCCC)cc1,False,False
Dexniguldipine,COC(=O)C1=C(C)NC(C)=C(C(=O)OCCCN2CCC(c3ccccc3)(c3ccccc3)CC2)C1c1cccc([N+](=O)[O-])c1,True,COC(=O)C1=C(C)NC(=C(C(=O)OCCC[NH+]2CCC(c3ccccc3)(c3ccccc3)CC2)C1c1cccc([N+](=O)[O-])c1)C,COC(=O)C1=C(C)NC(C)=C(C(=O)OCCCN2CCC(c3ccccc3)(c3ccccc3)CC2)C1c1cccc([N+](=O)[O-])c1,False,False
Bromocriptine Mesylate,CC(C)CC1C(=O)N2CCCC2C2(O)OC(NC(=O)C3C=C4c5cccc6[nH]c(Br)c(c56)CC4N(C)C3)(C(C)C)C(=O)N12,True,CC(C)CC1C(=O)N2CCCC2C2(O)OC(NC(=O)C3C=C4c5cccc6[nH]c(Br)c(c56)CC4[NH+](C)C3)(C(C)C)C(=O)N12,CC(C)CC1C(=O)N2CCCC2C2(O)OC(NC(=O)C3C=C4c5cccc6[nH]c(Br)c(c56)CC4N(C)C3)(C(C)C)C(=O)N12,False,False
Pimozide,O=c1[nH]c2ccccc2n1C1CCN(CCCC(c2ccc(F)cc2)c2ccc(F)cc2)CC1,True,O=c1[nH]c2ccccc2n1C1CC[NH+](CCCC(c2ccc(F)cc2)c2ccc(F)cc2)CC1,O=c1[nH]c2ccccc2n1C1CCN(CCCC(c2ccc(F)cc2)c2ccc(F)cc2)CC1,False,False
Axitinib,CNC(=O)c1ccccc1Sc1ccc2c(C=Cc3ccccn3)n[nH]c2c1,True,CNC(=O)c1ccccc1Sc1ccc2c(C=Cc3ccccn3)n[nH]c2c1,CNC(=O)c1ccccc1Sc1ccc2c(C=Cc3ccccn3)n[nH]c2c1,False,False
Vismodegib,CS(=O)(=O)c1ccc(C(=O)Nc2ccc(Cl)c(-c3ccccn3)c2)c(Cl)c1,True,CS(=O)(=O)c1ccc(C(=O)Nc2ccc(Cl)c(c3ccccn3)c2)c(Cl)c1,CS(=O)(=O)c1ccc(C(=O)Nc2ccc(Cl)c(-c3ccccn3)c2)c(Cl)c1,False,False
Bepridil Hydrochloride,CC(C)COCC(CN(Cc1ccccc1)c1ccccc1)N1CCCC1,True,CC(C)COCC(CN(Cc1ccccc1)c1ccccc1)[NH+]1CCCC1,CC(C)COCC(CN(Cc1ccccc1)c1ccccc1)N1CCCC1,False,False
"Ritonavir2,4",CC(C)c1nc(CN(C)C(=O)NC(C(=O)NC(Cc2ccccc2)CC(O)C(Cc2ccccc2)NC(=O)OCc2cncs2)C(C)C)cs1,True,CC(C)c1nc(CN(C)C(=O)NC(C(=O)NC(Cc2ccccc2)CC(O)C(Cc2ccccc2)NC(=O)OCc2cncs2)C(C)C)cs1,CC(C)c1nc(CN(C)C(=O)NC(C(=O)NC(Cc2ccccc2)CC(O)C(Cc2ccccc2)NC(=O)OCc2cncs2)C(C)C)cs1,False,False
Olanzapine,Cc1cc2c(s1)Nc1ccccc1N=C2N1CCN(C)CC1,True,Cc1cc2c(s1)Nc1ccccc1[NH+]=C2N1CC[NH+](C)CC1,Cc1cc2c(s1)Nc1ccccc1N=C2N1CCN(C)CC1,False,False
Amiodarone Hydrochloride,CCCCc1oc2ccccc2c1C(=O)c1cc(I)c(OCCN(CC)CC)c(I)c1,True,CCCCc1oc2ccccc2c1C(=O)c1cc(I)c(OCC[NH+](CC)CC)c(I)c1,CCCCc1oc2ccccc2c1C(=O)c1cc(I)c(OCCN(CC)CC)c(I)c1,False,False
Daclatasvir Dihydrochloride,COC(=O)NC(C(=O)N1CCCC1c1ncc(-c2ccc(-c3ccc(-c4cnc(C5CCCN5C(=O)C(NC(=O)OC)C(C)C)[nH]4)cc3)cc2)[nH]1)C(C)C,True,COC(=O)NC(C(=O)N1CCCC1c1ncc(c2ccc(c3ccc(c4cnc(C5CCCN5C(=O)C(NC(=O)OC)C(C)C)[nH]4)cc3)cc2)[nH]1)C(C)C,COC(=O)NC(C(=O)N1CCCC1c1ncc(-c2ccc(-c3ccc(-c4cnc(C5CCCN5C(=O)C(NC(=O)OC)C(C)C)[nH]4)cc3)cc2)[nH]1)C(C)C,False,False
Sulfentanil,O=C1C(CCS(=O)c2ccccc2)C(=O)N(c2ccccc2)N1c1ccccc1,True,O=C1C(CCS(=O)c2ccccc2)C(=O)N(c2ccccc2)N1c1ccccc1,O=C1C(CCS(=O)c2ccccc2)C(=O)N(c2ccccc2)N1c1ccccc1,False,False
Manidipine,COC(=O)C1=C(C)NC(C)=C(C(=O)OCCN2CCN(C(c3ccccc3)c3ccccc3)CC2)C1c1cccc([N+](=O)[O-])c1,True,COC(=O)C1=C(C)NC(=C(C(=O)OCC[NH+]2CC[NH+](C(c3ccccc3)c3ccccc3)CC2)C1c1cccc([N+](=O)[O-])c1)C,COC(=O)C1=C(C)NC(C)=C(C(=O)OCCN2CCN(C(c3ccccc3)c3ccccc3)CC2)C1c1cccc([N+](=O)[O-])c1,False,False
Simvastatin,CCC(C)(C)C(=O)OC1CC(C)C=C2C=CC(C)C(CCC3CC(O)CC(=O)O3)C21,True,CCC(C)(C)C(=O)OC1CC(C)C=C2C=CC(C)C(CCC3CC(O)CC(=O)O3)C12,CCC(C)(C)C(=O)OC1CC(C)C=C2C=CC(C)C(CCC3CC(O)CC(=O)O3)C21,False,False
Benidipine,COC(=O)C1=C(C)NC(C)=C(C(=O)OC2CCCN(Cc3ccccc3)C2)C1c1cccc([N+](=O)[O-])c1,True,COC(=O)C1=C(C)NC(=C(C(=O)OC2CCC[NH+](Cc3ccccc3)C2)C1c1cccc([N+](=O)[O-])c1)C,COC(=O)C1=C(C)NC(C)=C(C(=O)OC2CCCN(Cc3ccccc3)C2)C1c1cccc([N+](=O)[O-])c1,False,False
Trametinib Dimethyl Sulfoxide,CC(=O)Nc1cccc(-n2c(=O)n(C3CC3)c(=O)c3c(Nc4ccc(I)cc4F)n(C)c(=O)c(C)c32)c1,True,CC(=O)Nc1cccc(n2c(=O)n(C3CC3)c(=O)c3c(Nc4ccc(I)cc4F)n(C)c(=O)c(C)c23)c1,CC(=O)Nc1cccc(-n2c(=O)n(C3CC3)c(=O)c3c(Nc4ccc(I)cc4F)n(C)c(=O)c(C)c32)c1,False,False
Isradipine,COC(=O)C1=C(C)NC(C)=C(C(=O)OC(C)C)C1c1cccc2nonc12,True,COC(=O)C1=C(C)NC(=C(C(=O)OC(C)C)C1c1cccc2nonc12)C,COC(=O)C1=C(C)NC(C)=C(C(=O)OC(C)C)C1c1cccc2nonc12,False,False
Fentanyl,CCC(=O)N(c1ccccc1)C1CCN(CCc2ccccc2)CC1,True,CCC(=O)N(c1ccccc1)C1CC[NH+](CCc2ccccc2)CC1,CCC(=O)N(c1ccccc1)C1CCN(CCc2ccccc2)CC1,False,False
Saquinavir,CC(C)(C)NC(=O)C1CC2CCCCC2CN1CC(O)C(Cc1ccccc1)NC(=O)C(CC(N)=O)NC(=O)c1ccc2ccccc2n1,True,CC(C)(C)NC(=O)C1CC2CCCCC2C[NH+]1CC(O)C(Cc1ccccc1)NC(=O)C(CC(=O)N)NC(=O)c1ccc2ccccc2n1,CC(C)(C)NC(=O)C1CC2CCCCC2CN1CC(O)C(Cc1ccccc1)NC(=O)C(CC(N)=O)NC(=O)c1ccc2ccccc2n1,False,False
Sertindole,O=C1NCCN1CCN1CCC(c2cn(-c3ccc(F)cc3)c3ccc(Cl)cc23)CC1,True,O=C1NCCN1CC[NH+]1CCC(c2cn(c3ccc(F)cc3)c3ccc(Cl)cc23)CC1,O=C1NCCN1CCN1CCC(c2cn(-c3ccc(F)cc3)c3ccc(Cl)cc23)CC1,False,False
Spironolactone,CC(=O)SC1CC2=CC(=O)CCC2(C)C2CCC3(C)C(CCC34CCC(=O)O4)C12,True,CC(=O)SC1CC2=CC(=O)CCC2(C)C2CCC3(C)C(CCC43CCC(=O)O4)C12,CC(=O)SC1CC2=CC(=O)CCC2(C)C2CCC3(C)C(CCC34CCC(=O)O4)C12,False,False
Tamoxifen,CCC(=C(c1ccccc1)c1ccc(OCCN(C)C)cc1)c1ccccc1,True,CCC(=C(c1ccccc1)c1ccc(OCC[NH+](C)C)cc1)c1ccccc1,CCC(=C(c1ccccc1)c1ccc(OCCN(C)C)cc1)c1ccccc1,False,False
Imatinib,Cc1ccc(NC(=O)c2ccc(CN3CCN(C)CC3)cc2)cc1Nc1nccc(-c2cccnc2)n1,True,Cc1ccc(NC(=O)c2ccc(C[NH+]3CC[NH+](C)CC3)cc2)cc1Nc1nccc(c2cccnc2)n1,Cc1ccc(NC(=O)c2ccc(CN3CCN(C)CC3)cc2)cc1Nc1nccc(-c2cccnc2)n1,False,False
Rolapitant Hydrochloride,CC(OCC1(c2ccccc2)CCC2(CCC(=O)N2)CN1)c1cc(C(F)(F)F)cc(C(F)(F)F)c1,True,CC(OCC1(c2ccccc2)CCC2(CCC(=O)N2)C[NH2+]1)c1cc(C(F)(F)F)cc(C(F)(F)F)c1,CC(OCC1(c2ccccc2)CCC2(CCC(=O)N2)CN1)c1cc(C(F)(F)F)cc(C(F)(F)F)c1,False,False
Methadone,CCC(=O)C(CC(C)N(C)C)(c1ccccc1)c1ccccc1,True,CCC(=O)C(CC(C)[NH+](C)C)(c1ccccc1)c1ccccc1,CCC(=O)C(CC(C)N(C)C)(c1ccccc1)c1ccccc1,False,False
Felodipine,CCOC(=O)C1=C(C)NC(C)=C(C(=O)OC)C1c1cccc(Cl)c1Cl,True,CCOC(=O)C1=C(C)NC(=C(C(=O)OC)C1c1cccc(Cl)c1Cl)C,CCOC(=O)C1=C(C)NC(C)=C(C(=O)OC)C1c1cccc(Cl)c1Cl,False,False
Ticagrelor,CCCSc1nc(NC2CC2c2ccc(F)c(F)c2)c2nnn(C3CC(OCCO)C(O)C3O)c2n1,True,CCCSc1nc(NC2CC2c2ccc(F)c(F)c2)c2nnn(C3CC(OCCO)C(O)C3O)c2n1,CCCSc1nc(NC2CC2c2ccc(F)c(F)c2)c2nnn(C3CC(OCCO)C(O)C3O)c2n1,False,False
Montelukast Sodium,CC(C)(O)c1ccccc1CCC(SCC1(CC(=O)O)CC1)c1cccc(C=Cc2ccc3ccc(Cl)cc3n2)c1,True,CC(C)(O)c1ccccc1CCC(SCC1(CC(=O)[O-])CC1)c1cccc(C=Cc2ccc3ccc(Cl)cc3n2)c1,CC(C)(O)c1ccccc1CCC(SCC1(CC(=O)O)CC1)c1cccc(C=Cc2ccc3ccc(Cl)cc3n2)c1,False,False
Baloxavir Marboxil,COC(=O)OCOc1c2n(ccc1=O)N(C1c3ccccc3SCc3c1ccc(F)c3F)C1COCCN1C2=O,True,COC(=O)OCOc1c2n(ccc1=O)N(C1c3ccccc3SCc3c1ccc(F)c3F)C1COCCN1C2=O,COC(=O)OCOc1c2n(ccc1=O)N(C1c3ccccc3SCc3c1ccc(F)c3F)C1COCCN1C2=O,False,False
Haloperidol,O=C(CCCN1CCC(O)(c2ccc(Cl)cc2)CC1)c1ccc(F)cc1,True,O=C(CCC[NH+]1CCC(O)(c2ccc(Cl)cc2)CC1)c1ccc(F)cc1,O=C(CCCN1CCC(O)(c2ccc(Cl)cc2)CC1)c1ccc(F)cc1,False,False
Budesonide,CCCC1OC2CC3C4CCC5=CC(=O)C=CC5(C)C4C(O)CC3(C)C2(C(=O)CO)O1,True,CCCC1OC2CC3C4CCC5=CC(=O)C=CC5(C)C4C(O)CC3(C)C2(C(=O)CO)O1,CCCC1OC2CC3C4CCC5=CC(=O)C=CC5(C)C4C(O)CC3(C)C2(C(=O)CO)O1,False,False
Quetiapine Fumarate,OCCOCCN1CCN(C2=Nc3ccccc3Sc3ccccc32)CC1,True,OCCOCC[NH+]1CCN(C2=[NH+]c3ccccc3Sc3ccccc23)CC1,OCCOCCN1CCN(C2=Nc3ccccc3Sc3ccccc32)CC1,False,False
Moxidectin,CON=C1CC2(CC3CC(CC=C(C)CC(C)C=CC=C4COC5C(O)C(C)=CC(C(=O)O3)C45O)O2)OC(C(C)=CC(C)C)C1C,True,CON=C1CC2(CC3CC(CC=C(C)CC(C)C=CC=C4COC5C(O)C(=CC(C(=O)O3)C45O)C)O2)OC(C(=CC(C)C)C)C1C,CON=C1CC2(CC3CC(CC=C(C)CC(C)C=CC=C4COC5C(O)C(C)=CC(C(=O)O3)C45O)O2)OC(C(C)=CC(C)C)C1C,False,False
Ergocryptine,CC(C)CC1C(=O)N2CCCC2C2(O)OC(NC(=O)C3C=C4c5cccc6[nH]cc(c56)CC4N(C)C3)(C(C)C)C(=O)N12,True,CC(C)CC1C(=O)N2CCCC2C2(O)OC(NC(=O)C3C=C4c5cccc6[nH]cc(c56)CC4[NH+](C)C3)(C(C)C)C(=O)N12,CC(C)CC1C(=O)N2CCCC2C2(O)OC(NC(=O)C3C=C4c5cccc6[nH]cc(c56)CC4N(C)C3)(C(C)C)C(=O)N12,False,False
Barnidipine,COC(=O)C1=C(C)NC(C)=C(C(=O)OC2CCN(Cc3ccccc3)C2)C1c1cccc([N+](=O)[O-])c1,True,COC(=O)C1=C(C)NC(=C(C(=O)OC2CC[NH+](Cc3ccccc3)C2)C1c1cccc([N+](=O)[O-])c1)C,COC(=O)C1=C(C)NC(C)=C(C(=O)OC2CCN(Cc3ccccc3)C2)C1c1cccc([N+](=O)[O-])c1,False,False
Efonidipine,CC1=C(C(=O)OCCN(Cc2ccccc2)c2ccccc2)C(c2cccc([N+](=O)[O-])c2)C(P2(=O)OCC(C)(C)CO2)=C(C)N1,True,CC1=C(C(=O)OCCN(Cc2ccccc2)c2ccccc2)C(c2cccc([N+](=O)[O-])c2)C(=C(C)N1)P1(=O)OCC(C)(C)CO1,CC1=C(C(=O)OCCN(Cc2ccccc2)c2ccccc2)C(c2cccc([N+](=O)[O-])c2)C(P2(=O)OCC(C)(C)CO2)=C(C)N1,False,False
Atorvastatin lactone,CC(C)c1c(C(=O)Nc2ccccc2)c(-c2ccccc2)c(-c2ccc(F)cc2)n1CCC1CC(O)CC(=O)O1,True,CC(C)c1c(C(=O)Nc2ccccc2)c(c2ccccc2)c(c2ccc(F)cc2)n1CCC1CC(O)CC(=O)O1,CC(C)c1c(C(=O)Nc2ccccc2)c(-c2ccccc2)c(-c2ccc(F)cc2)n1CCC1CC(O)CC(=O)O1,False,False
Candesartan Cilexetil,CCOc1nc2cccc(C(=O)OC(C)OC(=O)OC3CCCCC3)c2n1Cc1ccc(-c2ccccc2-c2nnn[nH]2)cc1,True,CCOc1nc2cccc(C(=O)OC(C)OC(=O)OC3CCCCC3)c2n1Cc1ccc(c2ccccc2C2=[N-]N=NN2)cc1,CCOc1nc2cccc(C(=O)OC(C)OC(=O)OC3CCCCC3)c2n1Cc1ccc(-c2ccccc2-c2nnn[nH]2)cc1,True,False
Citalopram Hydrobromide,CN(C)CCCC1(c2ccc(F)cc2)OCc2cc(C#N)ccc21,False,C[NH+](C)CCCC1(c2ccc(F)cc2)OCc2cc(C#N)ccc12,CN(C)CCCC1(c2ccc(F)cc2)OCc2cc(C#N)ccc21,False,False
Lansoprazole,Cc1c(OCC(F)(F)F)ccnc1CS(=O)c1nc2ccccc2[nH]1,False,Cc1c(OCC(F)(F)F)ccnc1CS(=O)c1nc2ccccc2[nH]1,Cc1c(OCC(F)(F)F)ccnc1CS(=O)c1nc2ccccc2[nH]1,False,False
Methylene Blue,CN(C)c1ccc2nc3ccc(=[N+](C)C)cc-3sc2c1,False,CN(C)c1ccc2nc3-c(cc(=[N+](C)C)cc3)sc2c1,CN(C)c1ccc2nc3ccc(=[N+](C)C)cc-3sc2c1,False,False
Losartan Potassium,CCCCc1nc(Cl)c(CO)n1Cc1ccc(-c2ccccc2-c2nnn[nH]2)cc1,False,CCCCc1nc(Cl)c(CO)n1Cc1ccc(c2ccccc2C2=[N-]N=NN2)cc1,CCCCc1nc(Cl)c(CO)n1Cc1ccc(-c2ccccc2-c2nnn[nH]2)cc1,True,False
Caffeine Citrate,Cn1c(=O)c2c(ncn2C)n(C)c1=O,False,Cn1c(=O)c2c(ncn2C)n(C)c1=O,Cn1c(=O)c2c(ncn2C)n(C)c1=O,False,False
Chlorzoxazone,O=c1[nH]c2cc(Cl)ccc2o1,False,O=c1[nH]c2cc(Cl)ccc2o1,O=c1[nH]c2cc(Cl)ccc2o1,False,False
Fexofenadine Hydrochloride,CC(C)(C(=O)O)c1ccc(C(O)CCCN2CCC(C(O)(c3ccccc3)c3ccccc3)CC2)cc1,False,CC(C)(C(=O)[O-])c1ccc(C(O)CCC[NH+]2CCC(C(O)(c3ccccc3)c3ccccc3)CC2)cc1,CC(C)(C(=O)O)c1ccc(C(O)CCCN2CCC(C(O)(c3ccccc3)c3ccccc3)CC2)cc1,False,False
Morphine Sulfate,CN1CCC23c4c5ccc(O)c4OC2C(O)C=CC3C1C5,False,C[NH+]1CCC23c4c5ccc(O)c4OC2C(O)C=CC3C1C5,CN1CCC23c4c5ccc(O)c4OC2C(O)C=CC3C1C5,False,False
Tolbutamide,CCCCNC(=O)NS(=O)(=O)c1ccc(C)cc1,False,CCCCNC(=O)NS(=O)(=O)c1ccc(C)cc1,CCCCNC(=O)NS(=O)(=O)c1ccc(C)cc1,False,False
Phenytoin,O=C1NC(=O)C(c2ccccc2)(c2ccccc2)N1,False,O=C1NC(=O)C(c2ccccc2)(c2ccccc2)N1,O=C1NC(=O)C(c2ccccc2)(c2ccccc2)N1,False,False
Fluoxetine Hydrochloride,CNCCC(Oc1ccc(C(F)(F)F)cc1)c1ccccc1,False,C[NH2+]CCC(Oc1ccc(C(F)(F)F)cc1)c1ccccc1,CNCCC(Oc1ccc(C(F)(F)F)cc1)c1ccccc1,False,False
Ergonovine Maleate,CC(CO)NC(=O)C1C=C2c3cccc4[nH]cc(c34)CC2N(C)C1,False,CC(CO)NC(=O)C1C=C2c3cccc4[nH]cc(c34)CC2[NH+](C)C1,CC(CO)NC(=O)C1C=C2c3cccc4[nH]cc(c34)CC2N(C)C1,False,False
Efavirenz,O=C1Nc2ccc(Cl)cc2C(C#CC2CC2)(C(F)(F)F)O1,False,O=C1Nc2ccc(Cl)cc2C(C#CC2CC2)(C(F)(F)F)O1,O=C1Nc2ccc(Cl)cc2C(C#CC2CC2)(C(F)(F)F)O1,False,False
Eravacycline dihydrochloride,CN(C)C1C(O)=C(C(N)=O)C(=O)C2(O)C(O)=C3C(=O)c4c(O)c(NC(=O)CN5CCCC5)cc(F)c4CC3CC12,False,C[NH+](C)C1C(=C(C(=O)N)C(=O)C2(O)C(=C3C(=O)c4c(O)c(NC(=O)C[NH+]5CCCC5)cc(F)c4CC3CC12)[O-])[O-],CN(C)C1C(O)=C(C(N)=O)C(=O)C2(O)C(O)=C3C(=O)c4c(O)c(NC(=O)CN5CCCC5)cc(F)c4CC3CC12,False,False
Rifampin,COC1C=COC2(C)Oc3c(C)c(O)c4c(O)c(c(C=NN5CCN(C)CC5)c(O)c4c3C2=O)NC(=O)C(C)=CC=CC(C)C(O)C(C)C(O)C(C)C(OC(C)=O)C1C,False,COC1C=COC2(C)Oc3c(C)c(O)c4c(O)c(c(C=NN5CC[NH+](C)CC5)c(O)c4c3C2=O)NC(=O)C(=CC=CC(C)C(O)C(C)C(O)C(C)C(OC(=O)C)C1C)C,COC1C=COC2(C)Oc3c(C)c(O)c4c(O)c(c(C=NN5CCN(C)CC5)c(O)c4c3C2=O)NC(=O)C(C)=CC=CC(C)C(O)C(C)C(O)C(C)C(OC(C)=O)C1C,False,False
Vincristine,CCC1(O)CC2CN(CCc3c([nH]c4ccccc34)C(C(=O)OC)(c3cc4c(cc3OC)N(C=O)C3C(O)(C(=O)OC)C(OC(C)=O)C5(CC)C=CCN6CCC43C65)C2)C1,False,CCC1(O)CC2C[NH+](CCc3c([nH]c4ccccc34)C(C(=O)OC)(c3cc4c(cc3OC)N(C=O)C3C(O)(C(=O)OC)C(OC(=O)C)C5(CC)C=CC[NH+]6CCC43C56)C2)C1,CCC1(O)CC2CN(CCc3c([nH]c4ccccc34)C(C(=O)OC)(c3cc4c(cc3OC)N(C=O)C3C(O)(C(=O)OC)C(OC(C)=O)C5(CC)C=CCN6CCC43C65)C2)C1,False,False
Sitagliptin Phosphate,NC(CC(=O)N1CCn2c(nnc2C(F)(F)F)C1)Cc1cc(F)c(F)cc1F,False,[NH3+]C(CC(=O)N1CCn2c(nnc2C(F)(F)F)C1)Cc1cc(F)c(F)cc1F,NC(CC(=O)N1CCn2c(nnc2C(F)(F)F)C1)Cc1cc(F)c(F)cc1F,False,False
Sparfloxacin,CC1CN(c2c(F)c(N)c3c(=O)c(C(=O)O)cn(C4CC4)c3c2F)CC(C)N1,False,CC1CN(c2c(F)c(N)c3c(=O)c(C(=O)[O-])cn(C4CC4)c3c2F)CC(C)[NH2+]1,CC1CN(c2c(F)c(N)c3c(=O)c(C(=O)O)cn(C4CC4)c3c2F)CC(C)N1,False,False
Atorvastatin Calcium,CC(C)c1c(C(=O)Nc2ccccc2)c(-c2ccccc2)c(-c2ccc(F)cc2)n1CCC(O)CC(O)CC(=O)O,False,CC(C)c1c(C(=O)Nc2ccccc2)c(c2ccccc2)c(c2ccc(F)cc2)n1CCC(O)CC(O)CC(=O)[O-],CC(C)c1c(C(=O)Nc2ccccc2)c(-c2ccccc2)c(-c2ccc(F)cc2)n1CCC(O)CC(O)CC(=O)O,False,False
Tofacitinib Citrate,CC1CCN(C(=O)CC#N)CC1N(C)c1ncnc2[nH]ccc12,False,CC1CCN(C(=O)CC#N)CC1N(C)c1ncnc2[nH]ccc12,CC1CCN(C(=O)CC#N)CC1N(C)c1ncnc2[nH]ccc12,False,False
Olodaterol Hydrochloride,COc1ccc(CC(C)(C)NCC(O)c2cc(O)cc3c2OCC(=O)N3)cc1,False,COc1ccc(CC(C)(C)[NH2+]CC(O)c2cc(O)cc3c2OCC(=O)N3)cc1,COc1ccc(CC(C)(C)NCC(O)c2cc(O)cc3c2OCC(=O)N3)cc1,False,False
Troleandomycin,COC1CC(OC2C(C)C(=O)OC(C)C(C)C(OC(C)=O)C(C)C(=O)C3(CO3)CC(C)C(OC3OC(C)CC(N(C)C)C3OC(C)=O)C2C)OC(C)C1OC(C)=O,False,COC1CC(OC2C(C)C(=O)OC(C)C(C)C(OC(=O)C)C(C)C(=O)C3(CO3)CC(C)C(OC3OC(C)CC([NH+](C)C)C3OC(=O)C)C2C)OC(C)C1OC(=O)C,COC1CC(OC2C(C)C(=O)OC(C)C(C)C(OC(C)=O)C(C)C(=O)C3(CO3)CC(C)C(OC3OC(C)CC(N(C)C)C3OC(C)=O)C2C)OC(C)C1OC(C)=O,False,False
Levofloxacin,CC1COc2c(N3CCN(C)CC3)c(F)cc3c(=O)c(C(=O)O)cn1c23,False,CC1COc2c(N3CC[NH+](C)CC3)c(F)cc3c(=O)c(C(=O)[O-])cn1c23,CC1COc2c(N3CCN(C)CC3)c(F)cc3c(=O)c(C(=O)O)cn1c23,False,False
Meloxicam,Cc1cnc(NC(=O)C2=C(O)c3ccccc3S(=O)(=O)N2C)s1,False,Cc1cnc(NC(=O)C2=C([O-])c3ccccc3S(=O)(=O)N2C)s1,Cc1cnc(NC(=O)C2=C(O)c3ccccc3S(=O)(=O)N2C)s1,False,False
Orlistat,CCCCCCCCCCCC(CC1OC(=O)C1CCCCCC)OC(=O)C(CC(C)C)NC=O,False,CCCCCCCCCCCC(CC1OC(=O)C1CCCCCC)OC(=O)C(CC(C)C)NC=O,CCCCCCCCCCCC(CC1OC(=O)C1CCCCCC)OC(=O)C(CC(C)C)NC=O,False,False
Etoposide,COc1cc(C2c3cc4c(cc3C(OC3OC5COC(C)OC5C(O)C3O)C3COC(=O)C23)OCO4)cc(OC)c1O,False,COc1cc(C2c3cc4c(cc3C(OC3OC5COC(C)OC5C(O)C3O)C3COC(=O)C23)OCO4)cc(OC)c1O,COc1cc(C2c3cc4c(cc3C(OC3OC5COC(C)OC5C(O)C3O)C3COC(=O)C23)OCO4)cc(OC)c1O,False,False
Dihydroergotamine Mesylate,CN1CC(C(=O)NC2(C)OC3(O)C4CCCN4C(=O)C(Cc4ccccc4)N3C2=O)CC2c3cccc4[nH]cc(c34)CC21,False,C[NH+]1CC(C(=O)NC2(C)OC3(O)C4CCCN4C(=O)C(Cc4ccccc4)N3C2=O)CC2c3cccc4[nH]cc(c34)CC12,CN1CC(C(=O)NC2(C)OC3(O)C4CCCN4C(=O)C(Cc4ccccc4)N3C2=O)CC2c3cccc4[nH]cc(c34)CC21,False,False
Fluconazole,OC(Cn1cncn1)(Cn1cncn1)c1ccc(F)cc1F,False,OC(Cn1cncn1)(Cn1cncn1)c1ccc(F)cc1F,OC(Cn1cncn1)(Cn1cncn1)c1ccc(F)cc1F,False,False
Metoprolol,COCCc1ccc(OCC(O)CNC(C)C)cc1,False,COCCc1ccc(OCC(O)C[NH2+]C(C)C)cc1,COCCc1ccc(OCC(O)CNC(C)C)cc1,False,False
Amprenavir,CC(C)CN(CC(O)C(Cc1ccccc1)NC(=O)OC1CCOC1)S(=O)(=O)c1ccc(N)cc1,False,CC(C)CN(CC(O)C(Cc1ccccc1)NC(=O)OC1CCOC1)S(=O)(=O)c1ccc(N)cc1,CC(C)CN(CC(O)C(Cc1ccccc1)NC(=O)OC1CCOC1)S(=O)(=O)c1ccc(N)cc1,False,False
Captopril,CC(CS)C(=O)N1CCCC1C(=O)O,False,CC(CS)C(=O)N1CCCC1C(=O)[O-],CC(CS)C(=O)N1CCCC1C(=O)O,False,False
Cimetidine,CNC(=NCCSCc1nc[nH]c1C)NC#N,False,CNC(=[NH+]CCSCc1nc[nH]c1C)NC#N,CNC(=NCCSCc1nc[nH]c1C)NC#N,False,False
Dabrafenib Mesylate,CC(C)(C)c1nc(-c2cccc(NS(=O)(=O)c3c(F)cccc3F)c2F)c(-c2ccnc(N)n2)s1,False,CC(C)(C)c1nc(c2cccc(NS(=O)(=O)c3c(F)cccc3F)c2F)c(c2ccnc(N)n2)s1,CC(C)(C)c1nc(-c2cccc(NS(=O)(=O)c3c(F)cccc3F)c2F)c(-c2ccnc(N)n2)s1,False,False
Darunavir Ethanolate,CC(C)CN(CC(O)C(Cc1ccccc1)NC(=O)OC1COC2OCCC12)S(=O)(=O)c1ccc(N)cc1,True,CC(C)CN(CC(O)C(Cc1ccccc1)NC(=O)OC1COC2OCCC12)S(=O)(=O)c1ccc(N)cc1,CC(C)CN(CC(O)C(Cc1ccccc1)NC(=O)OC1COC2OCCC12)S(=O)(=O)c1ccc(N)cc1,False,False
Dolutegravir Sodium,CC1CCOC2Cn3cc(C(=O)NCc4ccc(F)cc4F)c(=O)c(O)c3C(=O)N12,False,CC1CCOC2Cn3cc(C(=O)NCc4ccc(F)cc4F)c(=O)c(O)c3C(=O)N12,CC1CCOC2Cn3cc(C(=O)NCc4ccc(F)cc4F)c(=O)c(O)c3C(=O)N12,False,False
Doravirine,Cn1c(Cn2ccc(C(F)(F)F)c(Oc3cc(Cl)cc(C#N)c3)c2=O)n[nH]c1=O,False,Cn1c(Cn2ccc(C(F)(F)F)c(Oc3cc(Cl)cc(C#N)c3)c2=O)n[nH]c1=O,Cn1c(Cn2ccc(C(F)(F)F)c(Oc3cc(Cl)cc(C#N)c3)c2=O)n[nH]c1=O,False,False
Fostemsavir Tromethamine,COc1cnc(-n2cnc(C)n2)c2c1c(C(=O)C(=O)N1CCN(C(=O)c3ccccc3)CC1)cn2COP(=O)(O)O,False,COc1cnc(n2cnc(C)n2)c2c1c(C(=O)C(=O)N1CCN(C(=O)c3ccccc3)CC1)cn2COP(=O)([O-])[O-],COc1cnc(-n2cnc(C)n2)c2c1c(C(=O)C(=O)N1CCN(C(=O)c3ccccc3)CC1)cn2COP(=O)(O)O,False,False
Prazosin Hydrochloride,COc1cc2nc(N3CCN(C(=O)c4ccco4)CC3)nc(N)c2cc1OC,False,COc1cc2nc(N3CCN(C(=O)c4ccco4)CC3)nc(N)c2cc1OC,COc1cc2nc(N3CCN(C(=O)c4ccco4)CC3)nc(N)c2cc1OC,False,False
Colchicine,COc1cc2c(c(OC)c1OC)-c1ccc(OC)c(=O)cc1C(NC(C)=O)CC2,False,COc1cc2c(-c3ccc(OC)c(=O)cc3C(NC(=O)C)CC2)c(OC)c1OC,COc1cc2c(c(OC)c1OC)-c1ccc(OC)c(=O)cc1C(NC(C)=O)CC2,False,False
Paclitaxel,CC(=O)OC1C(=O)C2(C)C(O)CC3OCC3(OC(C)=O)C2C(OC(=O)c2ccccc2)C2(O)CC(OC(=O)C(O)C(NC(=O)c3ccccc3)c3ccccc3)C(C)=C1C2(C)C,False,CC(=O)OC1C(=O)C2(C)C(O)CC3OCC3(OC(=O)C)C2C(OC(=O)c2ccccc2)C2(O)CC(OC(=O)C(O)C(NC(=O)c3ccccc3)c3ccccc3)C(=C1C2(C)C)C,CC(=O)OC1C(=O)C2(C)C(O)CC3OCC3(OC(C)=O)C2C(OC(=O)c2ccccc2)C2(O)CC(OC(=O)C(O)C(NC(=O)c3ccccc3)c3ccccc3)C(C)=C1C2(C)C,False,False
Paroxetine Hydrochloride,Fc1ccc(C2CCNCC2COc2ccc3c(c2)OCO3)cc1,False,Fc1ccc(C2CC[NH2+]CC2COc2ccc3c(c2)OCO3)cc1,Fc1ccc(C2CCNCC2COc2ccc3c(c2)OCO3)cc1,False,False
Cefiderocol Sulfate Tosylate,CC(C)(ON=C(C(=O)NC1C(=O)N2C(C(=O)[O-])=C(C[N+]3(CCNC(=O)c4ccc(O)c(O)c4Cl)CCCC3)CSC12)c1csc(N)n1)C(=O)O,False,CC(C)(ON=C(C(=O)NC1C(=O)N2C(=C(C[N+]3(CCNC(=O)c4ccc(O)c(O)c4Cl)CCCC3)CSC12)C(=O)[O-])c1csc(N)n1)C(=O)[O-],CC(C)(ON=C(C(=O)NC1C(=O)N2C(C(=O)[O-])=C(C[N+]3(CCNC(=O)c4ccc(O)c(O)c4Cl)CCCC3)CSC12)c1csc(N)n1)C(=O)O,False,False
Eprosartan Mesylate,CCCCc1ncc(C=C(Cc2cccs2)C(=O)O)n1Cc1ccc(C(=O)O)cc1,False,CCCCc1ncc(C=C(Cc2cccs2)C(=O)[O-])n1Cc1ccc(C(=O)[O-])cc1,CCCCc1ncc(C=C(Cc2cccs2)C(=O)O)n1Cc1ccc(C(=O)O)cc1,False,False
Didanosine,O=c1[nH]cnc2c1ncn2C1CCC(CO)O1,False,O=c1[nH]cnc2c1ncn2C1CCC(CO)O1,O=c1[nH]cnc2c1ncn2C1CCC(CO)O1,False,False
Lamivudine,Nc1ccn(C2CSC(CO)O2)c(=O)n1,False,Nc1ccn(C2CSC(CO)O2)c(=O)n1,Nc1ccn(C2CSC(CO)O2)c(=O)n1,False,False
Stavudine,Cc1cn(C2C=CC(CO)O2)c(=O)[nH]c1=O,False,Cc1cn(C2C=CC(CO)O2)c(=O)[nH]c1=O,Cc1cn(C2C=CC(CO)O2)c(=O)[nH]c1=O,False,False
Zalcitabine,Nc1ccn(C2CCC(CO)O2)c(=O)n1,False,Nc1ccn(C2CCC(CO)O2)c(=O)n1,Nc1ccn(C2CCC(CO)O2)c(=O)n1,False,False
Zidovudine,Cc1cn(C2CC(N=[N+]=[N-])C(CO)O2)c(=O)[nH]c1=O,False,Cc1cn(C2CC(N=[N+]=[N-])C(CO)O2)c(=O)[nH]c1=O,Cc1cn(C2CC(N=[N+]=[N-])C(CO)O2)c(=O)[nH]c1=O,False,False
Dexamethasone,CC1CC2C3CCC4=CC(=O)C=CC4(C)C3(F)C(O)CC2(C)C1(O)C(=O)CO,False,CC1CC2C3CCC4=CC(=O)C=CC4(C)C3(F)C(O)CC2(C)C1(O)C(=O)CO,CC1CC2C3CCC4=CC(=O)C=CC4(C)C3(F)C(O)CC2(C)C1(O)C(=O)CO,False,False
Digoxin,CC1OC(OC2C(O)CC(OC3C(O)CC(OC4CCC5(C)C(CCC6C5CC(O)C5(C)C(C7=CC(=O)OC7)CCC65O)C4)OC3C)OC2C)CC(O)C1O,False,CC1OC(OC2C(O)CC(OC3C(O)CC(OC4CCC5(C)C(CCC6C5CC(O)C5(C)C(C7=CC(=O)OC7)CCC65O)C4)OC3C)OC2C)CC(O)C1O,CC1OC(OC2C(O)CC(OC3C(O)CC(OC4CCC5(C)C(CCC6C5CC(O)C5(C)C(C7=CC(=O)OC7)CCC65O)C4)OC3C)OC2C)CC(O)C1O,False,False
Hydrocortisone,CC12CCC(=O)C=C1CCC1C2C(O)CC2(C)C1CCC2(O)C(=O)CO,False,CC12CCC(=O)C=C1CCC1C2C(O)CC2(C)C1CCC2(O)C(=O)CO,CC12CCC(=O)C=C1CCC1C2C(O)CC2(C)C1CCC2(O)C(=O)CO,False,False
Ranitidine Hydrochloride,CNC(=C[N+](=O)[O-])NCCSCc1ccc(CN(C)C)o1,False,CNC(=C[N+](=O)[O-])NCCSCc1ccc(C[NH+](C)C)o1,CNC(=C[N+](=O)[O-])NCCSCc1ccc(CN(C)C)o1,False,False
Cimetidine,CN=C(NC#N)NCCSCc1nc[nH]c1C,False,C[NH+]=C(NC#N)NCCSCc1nc[nH]c1C,CN=C(NC#N)NCCSCc1nc[nH]c1C,False,False
Olmesartan Medoxomil,CCCc1nc(C(C)(C)O)c(C(=O)Oc2oc(=O)oc2C)n1Cc1ccc(-c2ccccc2-c2nnn[nH]2)cc1,False,CCCc1nc(C(C)(C)O)c(C(=O)Oc2oc(=O)oc2C)n1Cc1ccc(c2ccccc2C2=[N-]N=NN2)cc1,CCCc1nc(C(C)(C)O)c(C(=O)Oc2oc(=O)oc2C)n1Cc1ccc(-c2ccccc2-c2nnn[nH]2)cc1,True,False
Aliskiren Hemifumarate,COCCCOc1cc(CC(CC(N)C(O)CC(C(=O)NCC(C)(C)C(N)=O)C(C)C)C(C)C)ccc1OC,False,COCCCOc1cc(CC(CC([NH3+])C(O)CC(C(=O)NCC(C)(C)C(=O)N)C(C)C)C(C)C)ccc1OC,COCCCOc1cc(CC(CC(N)C(O)CC(C(=O)NCC(C)(C)C(N)=O)C(C)C)C(C)C)ccc1OC,False,False
Diazepam,CN1C(=O)CN=C(c2ccccc2)c2cc(Cl)ccc21,False,CN1C(=O)CN=C(c2ccccc2)c2cc(Cl)ccc12,CN1C(=O)CN=C(c2ccccc2)c2cc(Cl)ccc21,False,False
Eplerenone,COC(=O)C1CC2=CC(=O)CCC2(C)C23OC2CC2(C)C(CCC24CCC(=O)O4)C13,False,COC(=O)C1CC2=CC(=O)CCC2(C)C23OC2CC2(C)C(CCC42CCC(=O)O4)C13,COC(=O)C1CC2=CC(=O)CCC2(C)C23OC2CC2(C)C(CCC24CCC(=O)O4)C13,False,False
Galantamine Hydrobromide,COc1ccc2c3c1OC1CC(O)C=CC31CCN(C)C2,False,COc1ccc2c3c1OC1CC(O)C=CC31CC[NH+](C)C2,COc1ccc2c3c1OC1CC(O)C=CC31CCN(C)C2,False,False
Ibuprofen,CC(C)Cc1ccc(C(C)C(=O)O)cc1,False,CC(C)Cc1ccc(C(C)C(=O)[O-])cc1,CC(C)Cc1ccc(C(C)C(=O)O)cc1,False,False
Propantheline Bromide,CC(C)[N+](C)(CCOC(=O)C1c2ccccc2Oc2ccccc21)C(C)C,False,CC(C)[N+](C)(CCOC(=O)C1c2ccccc2Oc2ccccc12)C(C)C,CC(C)[N+](C)(CCOC(=O)C1c2ccccc2Oc2ccccc21)C(C)C,False,False
Ramelteon,CCC(=O)NCCC1CCc2ccc3c(c21)CCO3,False,CCC(=O)NCCC1CCc2ccc3c(c12)CCO3,CCC(=O)NCCC1CCc2ccc3c(c21)CCO3,False,False
Rofecoxib,CS(=O)(=O)c1ccc(C2=C(c3ccccc3)C(=O)OC2)cc1,False,CS(=O)(=O)c1ccc(C2=C(c3ccccc3)C(=O)OC2)cc1,CS(=O)(=O)c1ccc(C2=C(c3ccccc3)C(=O)OC2)cc1,False,False
Scopolamine,CN1C2CC(OC(=O)C(CO)c3ccccc3)CC1C1OC12,False,C[NH+]1C2CC(OC(=O)C(CO)c3ccccc3)CC1C1OC21,CN1C2CC(OC(=O)C(CO)c3ccccc3)CC1C1OC12,False,False
Eslicarbazepine Acetate,CC(=O)OC1Cc2ccccc2N(C(N)=O)c2ccccc21,False,CC(=O)OC1Cc2ccccc2N(C(=O)N)c2ccccc12,CC(=O)OC1Cc2ccccc2N(C(N)=O)c2ccccc21,False,False
Diroximel Fumarate,COC(=O)C=CC(=O)OCCN1C(=O)CCC1=O,False,COC(=O)C=CC(=O)OCCN1C(=O)CCC1=O,COC(=O)C=CC(=O)OCCN1C(=O)CCC1=O,False,False
Bosentan,COc1ccccc1Oc1c(NS(=O)(=O)c2ccc(C(C)(C)C)cc2)nc(-c2ncccn2)nc1OCCO,False,COc1ccccc1Oc1c(NS(=O)(=O)c2ccc(C(C)(C)C)cc2)nc(c2ncccn2)nc1OCCO,COc1ccccc1Oc1c(NS(=O)(=O)c2ccc(C(C)(C)C)cc2)nc(-c2ncccn2)nc1OCCO,False,False
Prasugrel Hydrochloride,CC(=O)Oc1cc2c(s1)CCN(C(C(=O)C1CC1)c1ccccc1F)C2,False,CC(=O)Oc1cc2c(s1)CC[NH+](C(C(=O)C1CC1)c1ccccc1F)C2,CC(=O)Oc1cc2c(s1)CCN(C(C(=O)C1CC1)c1ccccc1F)C2,False,False
Tegaserod Maleate,CCCCCNC(=N)NN=Cc1c[nH]c2ccc(OC)cc12,False,CCCCCNC(=[NH2+])NN=Cc1c[nH]c2ccc(OC)cc12,CCCCCNC(=N)NN=Cc1c[nH]c2ccc(OC)cc12,False,False
Obeticholic Acid,CCC1C(O)C2C3CCC(C(C)CCC(=O)O)C3(C)CCC2C2(C)CCC(O)CC12,False,CCC1C(O)C2C3CCC(C(C)CCC(=O)[O-])C3(C)CCC2C2(C)CCC(O)CC12,CCC1C(O)C2C3CCC(C(C)CCC(=O)O)C3(C)CCC2C2(C)CCC(O)CC12,False,False
Empagliflozin,OCC1OC(c2ccc(Cl)c(Cc3ccc(OC4CCOC4)cc3)c2)C(O)C(O)C1O,False,OCC1OC(c2ccc(Cl)c(Cc3ccc(OC4CCOC4)cc3)c2)C(O)C(O)C1O,OCC1OC(c2ccc(Cl)c(Cc3ccc(OC4CCOC4)cc3)c2)C(O)C(O)C1O,False,False
Saxagliptin Hydrochloride,N#CC1CC2CC2N1C(=O)C(N)C12CC3CC(CC(O)(C3)C1)C2,False,N#CC1CC2CC2N1C(=O)C([NH3+])C12CC3CC(CC(O)(C3)C1)C2,N#CC1CC2CC2N1C(=O)C(N)C12CC3CC(CC(O)(C3)C1)C2,False,False
Edoxaban Tosylate,CN1CCc2nc(C(=O)NC3CC(C(=O)N(C)C)CCC3NC(=O)C(=O)Nc3ccc(Cl)cn3)sc2C1,False,C[NH+]1CCc2nc(C(=O)NC3CC(C(=O)N(C)C)CCC3NC(=O)C(=O)Nc3ccc(Cl)cn3)sc2C1,CN1CCc2nc(C(=O)NC3CC(C(=O)N(C)C)CCC3NC(=O)C(=O)Nc3ccc(Cl)cn3)sc2C1,False,False
Cobicistat,CC(C)c1nc(CN(C)C(=O)NC(CCN2CCOCC2)C(=O)NC(CCC(Cc2ccccc2)NC(=O)OCc2cncs2)Cc2ccccc2)cs1,False,CC(C)c1nc(CN(C)C(=O)NC(CC[NH+]2CCOCC2)C(=O)NC(CCC(Cc2ccccc2)NC(=O)OCc2cncs2)Cc2ccccc2)cs1,CC(C)c1nc(CN(C)C(=O)NC(CCN2CCOCC2)C(=O)NC(CCC(Cc2ccccc2)NC(=O)OCc2cncs2)Cc2ccccc2)cs1,False,False
Pexidartinib Hydrochloride,FC(F)(F)c1ccc(CNc2ccc(Cc3c[nH]c4ncc(Cl)cc34)cn2)cn1,False,FC(F)(F)c1ccc(CNc2ccc(Cc3c[nH]c4ncc(Cl)cc34)cn2)cn1,FC(F)(F)c1ccc(CNc2ccc(Cc3c[nH]c4ncc(Cl)cc34)cn2)cn1,False,False
Venetoclax,CC1(C)CCC(CN2CCN(c3ccc(C(=O)NS(=O)(=O)c4ccc(NCC5CCOCC5)c([N+](=O)[O-])c4)c(Oc4cnc5[nH]ccc5c4)c3)CC2)=C(c2ccc(Cl)cc2)C1,False,CC1(C)CCC(=C(c2ccc(Cl)cc2)C1)C[NH+]1CCN(c2ccc(C(=O)NS(=O)(=O)c3ccc(NCC4CCOCC4)c([N+](=O)[O-])c3)c(Oc3cnc4[nH]ccc4c3)c2)CC1,CC1(C)CCC(CN2CCN(c3ccc(C(=O)NS(=O)(=O)c4ccc(NCC5CCOCC5)c([N+](=O)[O-])c4)c(Oc4cnc5[nH]ccc5c4)c3)CC2)=C(c2ccc(Cl)cc2)C1,False,False
Pantoprazole Sodium,COc1ccnc(C=S(O)c2nc3cc(OC(F)F)ccc3[nH]2)c1OC,False,COc1ccnc(C=S(O)c2nc3cc(OC(F)F)ccc3[nH]2)c1OC,COc1ccnc(C=S(O)c2nc3cc(OC(F)F)ccc3[nH]2)c1OC,False,False
Zanubrutinib,C=CC(=O)N1CCC(C2CCNc3c(C(N)=O)c(-c4ccc(Oc5ccccc5)cc4)nn32)CC1,False,C=CC(=O)N1CCC(C2CCNc3c(C(=O)N)c(c4ccc(Oc5ccccc5)cc4)nn23)CC1,C=CC(=O)N1CCC(C2CCNc3c(C(N)=O)c(-c4ccc(Oc5ccccc5)cc4)nn32)CC1,False,False
Flibanserin,O=c1[nH]c2ccccc2n1CCN1CCN(c2cccc(C(F)(F)F)c2)CC1,True,O=c1[nH]c2ccccc2n1CC[NH+]1CCN(c2cccc(C(F)(F)F)c2)CC1,O=c1[nH]c2ccccc2n1CCN1CCN(c2cccc(C(F)(F)F)c2)CC1,False,False
Isavuconazonium Sulfate,CNCC(=O)OCc1cccnc1N(C)C(=O)OC(C)[n+]1cnn(CC(O)(c2cc(F)ccc2F)C(C)c2nc(-c3ccc(C#N)cc3)cs2)c1,True,C[NH2+]CC(=O)OCc1cccnc1N(C)C(=O)OC(C)[n+]1cnn(CC(O)(c2cc(F)ccc2F)C(C)c2nc(c3ccc(C#N)cc3)cs2)c1,CNCC(=O)OCc1cccnc1N(C)C(=O)OC(C)[n+]1cnn(CC(O)(c2cc(F)ccc2F)C(C)c2nc(-c3ccc(C#N)cc3)cs2)c1,False,False
Mirabegron,Nc1nc(CC(=O)Nc2ccc(CCNCC(O)c3ccccc3)cc2)cs1,True,Nc1nc(CC(=O)Nc2ccc(CC[NH2+]CC(O)c3ccccc3)cc2)cs1,Nc1nc(CC(=O)Nc2ccc(CCNCC(O)c3ccccc3)cc2)cs1,False,False
Suvorexant,Cc1ccc(-n2nccn2)c(C(=O)N2CCN(c3nc4cc(Cl)ccc4o3)CCC2C)c1,True,Cc1ccc(n2nccn2)c(C(=O)N2CCN(c3nc4cc(Cl)ccc4o3)CCC2C)c1,Cc1ccc(-n2nccn2)c(C(=O)N2CCN(c3nc4cc(Cl)ccc4o3)CCC2C)c1,False,False
Quinine Sulfate,C=CC1CN2CCC1CC2C(O)c1ccnc2ccc(OC)cc12,True,C=CC1C[NH+]2CCC1CC2C(O)c1ccnc2ccc(OC)cc12,C=CC1CN2CCC1CC2C(O)c1ccnc2ccc(OC)cc12,False,False
Eliglustat Tartrate,CCCCCCCC(=O)NC(CN1CCCC1)C(O)c1ccc2c(c1)OCCO2,True,CCCCCCCC(=O)NC(C[NH+]1CCCC1)C(O)c1ccc2c(c1)OCCO2,CCCCCCCC(=O)NC(CN1CCCC1)C(O)c1ccc2c(c1)OCCO2,False,False
Fostamatinib disodium,COc1cc(Nc2ncc(F)c(Nc3ccc4c(n3)N(COP(=O)(O)O)C(=O)C(C)(C)O4)n2)cc(OC)c1OC,True,COc1cc(Nc2ncc(F)c(Nc3ccc4c(n3)N(COP(=O)([O-])[O-])C(=O)C(C)(C)O4)n2)cc(OC)c1OC,COc1cc(Nc2ncc(F)c(Nc3ccc4c(n3)N(COP(=O)(O)O)C(=O)C(C)(C)O4)n2)cc(OC)c1OC,False,False
Conivaptan Hydrochloride,Cc1nc2c([nH]1)-c1ccccc1N(C(=O)c1ccc(NC(=O)c3ccccc3-c3ccccc3)cc1)CC2,True,Cc1nc2c(-c3ccccc3N(C(=O)c3ccc(NC(=O)c4ccccc4c4ccccc4)cc3)CC2)[nH]1,Cc1nc2c([nH]1)-c1ccccc1N(C(=O)c1ccc(NC(=O)c3ccccc3-c3ccccc3)cc1)CC2,False,False
Gemifloxacin Mesylate,CON=C1CN(c2nc3c(cc2F)c(=O)c(C(=O)O)cn3C2CC2)CC1CN,True,CON=C1CN(c2nc3c(cc2F)c(=O)c(C(=O)[O-])cn3C2CC2)CC1C[NH3+],CON=C1CN(c2nc3c(cc2F)c(=O)c(C(=O)O)cn3C2CC2)CC1CN,False,False
Dabigatran Etexilate Mesylate,CCCCCCOC(=O)NC(=N)c1ccc(NCc2nc3cc(C(=O)N(CCC(=O)OCC)c4ccccn4)ccc3n2C)cc1,False,CCCCCCOC(=O)NC(=[NH2+])c1ccc(NCc2nc3cc(C(=O)N(CCC(=O)OCC)c4ccccn4)ccc3n2C)cc1,CCCCCCOC(=O)NC(=N)c1ccc(NCc2nc3cc(C(=O)N(CCC(=O)OCC)c4ccccn4)ccc3n2C)cc1,False,False
Azilsartan Kamedoxomil,CCOc1nc2cccc(C(=O)OCc3oc(=O)oc3C)c2n1Cc1ccc(-c2ccccc2C2=NOC(O)N2)cc1,False,CCOc1nc2cccc(C(=O)OCc3oc(=O)oc3C)c2n1Cc1ccc(c2ccccc2C2=[NH+]OC(O)N2)cc1,CCOc1nc2cccc(C(=O)OCc3oc(=O)oc3C)c2n1Cc1ccc(-c2ccccc2C2=NOC(O)N2)cc1,False,False
Sarecycline Hydrochloride,CON(C)Cc1ccc(O)c2c1CC1CC3C(N(C)C)C(O)=C(C(N)=O)C(=O)C3(O)C(O)=C1C2=O,False,CON(C)Cc1ccc(O)c2c1CC1CC3C([NH+](C)C)C(=C(C(=O)N)C(=O)C3(O)C(=C1C2=O)[O-])[O-],CON(C)Cc1ccc(O)c2c1CC1CC3C(N(C)C)C(O)=C(C(N)=O)C(=O)C3(O)C(O)=C1C2=O,False,False
Telaprevir,CCCC(NC(=O)C1C2CCCC2CN1C(=O)C(NC(=O)C(NC(=O)c1cnccn1)C1CCCCC1)C(C)(C)C)C(=O)C(=O)NC1CC1,True,CCCC(NC(=O)C1C2CCCC2CN1C(=O)C(NC(=O)C(NC(=O)c1cnccn1)C1CCCCC1)C(C)(C)C)C(=O)C(=O)NC1CC1,CCCC(NC(=O)C1C2CCCC2CN1C(=O)C(NC(=O)C(NC(=O)c1cnccn1)C1CCCCC1)C(C)(C)C)C(=O)C(=O)NC1CC1,False,False
Letermovir,COc1cccc(N2CCN(C3=Nc4c(F)cccc4C(CC(=O)O)N3c3cc(C(F)(F)F)ccc3OC)CC2)c1,False,COc1cccc(N2CCN(C3=[NH+]c4c(F)cccc4C(CC(=O)[O-])N3c3cc(C(F)(F)F)ccc3OC)CC2)c1,COc1cccc(N2CCN(C3=Nc4c(F)cccc4C(CC(=O)O)N3c3cc(C(F)(F)F)ccc3OC)CC2)c1,False,False
Ticlopidine Hydrochloride,Clc1ccccc1CN1CCc2sccc2C1,False,Clc1ccccc1C[NH+]1CCc2sccc2C1,Clc1ccccc1CN1CCc2sccc2C1,False,False
Aprepitant,CC(OC1OCCN(Cc2nc(=O)[nH][nH]2)C1c1ccc(F)cc1)c1cc(C(F)(F)F)cc(C(F)(F)F)c1,False,CC(OC1OCC[NH+](Cc2nc(=O)[nH][nH]2)C1c1ccc(F)cc1)c1cc(C(F)(F)F)cc(C(F)(F)F)c1,CC(OC1OCCN(Cc2nc(=O)[nH][nH]2)C1c1ccc(F)cc1)c1cc(C(F)(F)F)cc(C(F)(F)F)c1,False,False
Silodosin,CC(Cc1cc2c(c(C(N)=O)c1)N(CCCO)CC2)NCCOc1ccccc1OCC(F)(F)F,False,CC(Cc1cc2c(c(C(=O)N)c1)N(CCCO)CC2)[NH2+]CCOc1ccccc1OCC(F)(F)F,CC(Cc1cc2c(c(C(N)=O)c1)N(CCCO)CC2)NCCOc1ccccc1OCC(F)(F)F,False,False
Dapagliflozin Propanediol,CCOc1ccc(Cc2cc(C3OC(CO)C(O)C(O)C3O)ccc2Cl)cc1,False,CCOc1ccc(Cc2cc(C3OC(CO)C(O)C(O)C3O)ccc2Cl)cc1,CCOc1ccc(Cc2cc(C3OC(CO)C(O)C(O)C3O)ccc2Cl)cc1,False,False
Lefamulin Acetate,C=CC1(C)CC(OC(=O)CSC2CCC(N)CC2O)C2(C)C(C)CCC3(CCC(=O)C32)C(C)C1O,False,C=CC1(C)CC(OC(=O)CSC2CCC([NH3+])CC2O)C2(C)C(C)CCC3(CCC(=O)C23)C(C)C1O,C=CC1(C)CC(OC(=O)CSC2CCC(N)CC2O)C2(C)C(C)CCC3(CCC(=O)C32)C(C)C1O,False,False
Linagliptin,CC#CCn1c(N2CCCC(N)C2)nc2c1c(=O)n(Cc1nc(C)c3ccccc3n1)c(=O)n2C,False,CC#CCn1c(N2CCCC([NH3+])C2)nc2c1c(=O)n(Cc1nc(C)c3ccccc3n1)c(=O)n2C,CC#CCn1c(N2CCCC(N)C2)nc2c1c(=O)n(Cc1nc(C)c3ccccc3n1)c(=O)n2C,False,False
Roflumilast,O=C(Nc1c(Cl)cncc1Cl)c1ccc(OC(F)F)c(OCC2CC2)c1,False,O=C(Nc1c(Cl)cncc1Cl)c1ccc(OC(F)F)c(OCC2CC2)c1,O=C(Nc1c(Cl)cncc1Cl)c1ccc(OC(F)F)c(OCC2CC2)c1,False,False
Lacosamide,COCC(NC(C)=O)C(=O)NCc1ccccc1,False,COCC(NC(=O)C)C(=O)NCc1ccccc1,COCC(NC(C)=O)C(=O)NCc1ccccc1,False,False
Fidaxomicin,CCc1c(Cl)c(O)c(Cl)c(O)c1C(=O)OC1C(C)OC(OCC2=CC=CCC(O)C(C)=CC(CC)C(OC3OC(C)(C)C(OC(=O)C(C)C)C(O)C3O)C(C)=CC(C)=CCC(C(C)O)OC2=O)C(OC)C1O,False,CCc1c(Cl)c(O)c(Cl)c(O)c1C(=O)OC1C(C)OC(OCC2=CC=CCC(O)C(=CC(CC)C(OC3OC(C)(C)C(OC(=O)C(C)C)C(O)C3O)C(=CC(=CCC(C(C)O)OC2=O)C)C)C)C(OC)C1O,CCc1c(Cl)c(O)c(Cl)c(O)c1C(=O)OC1C(C)OC(OCC2=CC=CCC(O)C(C)=CC(CC)C(OC3OC(C)(C)C(OC(=O)C(C)C)C(O)C3O)C(C)=CC(C)=CCC(C(C)O)OC2=O)C(OC)C1O,False,False
Simeprevir Sodium,COc1ccc2c(OC3CC4C(=O)NC5(C(=O)NS(=O)(=O)C6CC6)CC5C=CCCCCN(C)C(=O)C4C3)cc(-c3nc(C(C)C)cs3)nc2c1C,True,COc1ccc2c(OC3CC4C(=O)NC5(C(=O)NS(=O)(=O)C6CC6)CC5C=CCCCCN(C)C(=O)C4C3)cc(c3nc(C(C)C)cs3)nc2c1C,COc1ccc2c(OC3CC4C(=O)NC5(C(=O)NS(=O)(=O)C6CC6)CC5C=CCCCCN(C)C(=O)C4C3)cc(-c3nc(C(C)C)cs3)nc2c1C,False,False
Tucatinib,Cc1cc(Nc2ncnc3ccc(NC4=NC(C)(C)CO4)cc23)ccc1Oc1ccn2ncnc2c1,True,Cc1cc(Nc2ncnc3ccc(NC4=[NH+]C(C)(C)CO4)cc23)ccc1Oc1ccn2ncnc2c1,Cc1cc(Nc2ncnc3ccc(NC4=NC(C)(C)CO4)cc23)ccc1Oc1ccn2ncnc2c1,False,False
Alogliptin Benzoate,Cn1c(=O)cc(N2CCCC(N)C2)n(Cc2ccccc2C#N)c1=O,False,Cn1c(=O)cc(N2CCCC([NH3+])C2)n(Cc2ccccc2C#N)c1=O,Cn1c(=O)cc(N2CCCC(N)C2)n(Cc2ccccc2C#N)c1=O,False,False
Valbenazine Tosylate,COc1cc2c(cc1OC)C1CC(OC(=O)C(N)C(C)C)C(CC(C)C)CN1CC2,True,COc1cc2c(cc1OC)C1CC(OC(=O)C([NH3+])C(C)C)C(CC(C)C)C[NH+]1CC2,COc1cc2c(cc1OC)C1CC(OC(=O)C(N)C(C)C)C(CC(C)C)CN1CC2,False,False
Vemurafenib,CCCS(=O)(=O)Nc1ccc(F)c(C(=O)c2c[nH]c3ncc(-c4ccc(Cl)cc4)cc23)c1F,True,CCCS(=O)(=O)Nc1ccc(F)c(C(=O)c2c[nH]c3ncc(c4ccc(Cl)cc4)cc23)c1F,CCCS(=O)(=O)Nc1ccc(F)c(C(=O)c2c[nH]c3ncc(-c4ccc(Cl)cc4)cc23)c1F,False,False
